{
    "r2": 0.48668977014397574,
    "mae": 0.4231,
    "mse": 0.5634984472028295
}